报表日期,单位,一、经营活动产生的现金流量,销售商品、提供劳务收到的现金,收到的税费返还,收到的其他与经营活动有关的现金,经营活动现金流入小计,购买商品、接受劳务支付的现金,支付给职工以及为职工支付的现金,支付的各项税费,支付的其他与经营活动有关的现金,经营活动现金流出小计,经营活动产生的现金流量净额,二、投资活动产生的现金流量,收回投资所收到的现金,取得投资收益所收到的现金,处置固定资产、无形资产和其他长期资产所收回的现金净额,处置子公司及其他营业单位收到的现金净额,收到的其他与投资活动有关的现金,投资活动现金流入小计,购建固定资产、无形资产和其他长期资产所支付的现金,投资所支付的现金,取得子公司及其他营业单位支付的现金净额,支付的其他与投资活动有关的现金,投资活动现金流出小计,投资活动产生的现金流量净额,三、筹资活动产生的现金流量,吸收投资收到的现金,其中：子公司吸收少数股东投资收到的现金,取得借款收到的现金,发行债券收到的现金,收到其他与筹资活动有关的现金,筹资活动现金流入小计,偿还债务支付的现金,分配股利、利润或偿付利息所支付的现金,其中：子公司支付给少数股东的股利、利润,支付其他与筹资活动有关的现金,筹资活动现金流出小计,筹资活动产生的现金流量净额,四、汇率变动对现金及现金等价物的影响,五、现金及现金等价物净增加额,加:期初现金及现金等价物余额,六、期末现金及现金等价物余额,附注,净利润,少数股东权益,未确认的投资损失,资产减值准备,固定资产折旧、油气资产折耗、生产性物资折旧,无形资产摊销,长期待摊费用摊销,待摊费用的减少,预提费用的增加,处置固定资产、无形资产和其他长期资产的损失,固定资产报废损失,公允价值变动损失,递延收益增加（减：减少）,预计负债,财务费用,投资损失,递延所得税资产减少,递延所得税负债增加,存货的减少,经营性应收项目的减少,经营性应付项目的增加,已完工尚未结算款的减少(减:增加),已结算尚未完工款的增加(减:减少),其他,经营活动产生现金流量净额,债务转为资本,一年内到期的可转换公司债券,融资租入固定资产,现金的期末余额,现金的期初余额,现金等价物的期末余额,现金等价物的期初余额,现金及现金等价物的净增加额
20200930,元,,75985637409.09,44074748.12,814396328.57,76844108485.78,67087150882.98,4938052674.56,487801908.72,2049794513.74,74562799980.00,2281308505.78,,259241075.28,729735873.94,410365364.21,464772.11,16129141.26,1415936226.80,25883969040.88,872933455.85,178373092.98,42483109.60,26977758699.31,-25561822472.51,,5132919988.44,1136920000.00,39338480057.33,0,8285150000.00,52756550045.77,22172457075.19,2028290775.37,603415677.92,690032215.48,24890780066.04,27865769979.73,-10713359.53,4574542653.47,5692332240.91,10266874894.38,,0,0,0,0,0,0,0,0,0,0,0,0,0,0,0,0,0,0,0,0,0,0,0,0,0,0,0,0,0,0,0,0,0
20200630,元,,45329036181.56,29179104.82,725775233.35,46083990519.73,40634105423.94,3068738990.00,315401702.58,1407151071.63,45425397188.15,658593331.58,,19765145.61,1294750.00,372391578.95,464772.11,3315588.35,397231835.02,15013815473.41,780363704.39,127324201.48,43097745.92,15964601125.20,-15567369290.18,,1046000000.00,1046000000.00,26230324172.97,0,8285150000.00,35561474172.97,15076919008.18,1233794141.66,168099420.96,18060256.83,16328773406.67,19232700766.30,-698264.39,4323226543.31,5692332240.91,10015558784.22,,3828903312.50,0,0,49856223.54,998633286.15,39665232.40,101293380.76,0,0,65147148.15,31097017.92,4111949.63,0,0,502721958.82,-1241206487.88,17078459.09,-1067946.32,-5733741971.33,-905334337.64,2901436105.79,0,0,0,658593331.58,22050000.00,0,0,10015558784.22,5692332240.91,0,0,4323226543.31
20200331,元,,20842913295.66,9902951.82,768930810.94,21621747058.42,19140132987.06,1456715559.34,151746368.43,715581996.74,21464176911.57,157570146.85,,7111376.61,1294750.00,69576305.41,0,1739370.59,79721802.61,4960297027.32,216543228.86,107460000.00,22453994.60,5306754250.78,-5227032448.17,,342500000.00,342500000.00,12773190920.74,0,5983600000.00,19099290920.74,9195919724.86,218042762.55,23563958.16,12159282.92,9426121770.33,9673169150.41,13960704.62,4617667553.71,5692332240.91,10309999794.62,,0,0,0,0,0,0,0,0,0,0,0,0,0,0,0,0,0,0,0,0,0,0,0,0,0,0,0,0,0,0,0,0,0
20191231,元,,85465124518.80,40997832.64,1848347792.69,87354470144.13,75371393866.63,5016074638.53,617672328.17,1912436279.76,82917577113.09,4436893031.04,,989044758.11,646305494.11,525081308.02,25430905.63,7451804.89,2193314270.76,9345892451.43,689122316.05,835258760.54,60329524.87,10930603052.89,-8737288782.13,,29176051.27,29176051.27,23444719635.61,0,90596000.00,23564491686.88,17352696878.84,975170675.68,333946937.21,542045666.81,18869913221.33,4694578465.55,-72821725.33,321360989.13,5370971251.78,5692332240.91,,6180556192.22,0,0,264596111.67,1171467675.19,75446492.04,107811346.01,0,0,98143476.42,29220251.38,11799458.56,0,0,508233758.47,-2378547189.52,-61227625.87,-2179554.50,-4059669566.64,-824945947.59,3316188153.20,0,0,0,4436893031.04,0,0,0,5692332240.91,5370971251.78,0,0,321360989.13
20190930,元,,59822855470.74,30015831.83,1230676124.71,61083547427.28,53237171987.11,3413422391.93,457554206.86,1811065369.88,58919213955.78,2164333471.50,,968643124.55,643710439.89,51152890.14,25430905.63,6033839.98,1694971200.19,5456441701.38,640687810.16,155025674.84,30554503.93,6282709690.31,-4587738490.12,,12769051.27,12769051.27,16192808003.49,0,59596000.00,16265173054.76,12291224312.65,882806792.51,400433888.33,457717675.01,13631748780.17,2633424274.59,10560980.93,220580236.90,5370971251.78,5591551488.68,,0,0,0,0,0,0,0,0,0,0,0,0,0,0,0,0,0,0,0,0,0,0,0,0,0,0,0,0,0,0,0,0,0
20190630,元,,36386466981.33,16315587.19,514690517.10,36917473085.62,32807144417.50,2215602613.64,330637421.07,1020404459.47,36373788911.68,543684173.94,,793098060.52,12937500.00,48295897.64,25430905.63,4560807.10,884323170.89,2809336078.23,280063765.72,0,24400349.94,3113800193.89,-2229477023.00,,769051.27,769051.27,6091224191.78,0,6590000.00,6098583243.05,5255899748.30,438387263.55,186005410.83,449064911.32,6143351923.17,-44768680.12,-2134444.10,-1732695973.28,5370971251.78,3638275278.50,,2078740217.93,0,0,67504728.64,522687280.47,37115127.85,64936261.78,0,0,38316628.29,13567167.31,61001.80,0,0,205893276.05,-1409962406.00,7470177.84,-1091537.33,-1799339172.91,-884066890.81,1601852313.03,0,0,0,543684173.94,0,0,0,3638275278.50,5370971251.78,0,0,-1732695973.28
20190331,元,,16920186392.72,8971163.10,444881128.31,17374038684.13,15462909366.69,1080592961.00,152961073.66,657159872.97,17353623274.32,20415409.81,,792588278.30,0,34283495.53,0,2063514.38,828935288.21,1247128622.78,250375000.00,0,15788238.71,1513291861.49,-684356573.28,,769051.27,769051.27,1811005805.84,0,0,1811774857.11,2429449915.99,112914769.96,25042820.32,447117539.50,2989482225.45,-1177707368.34,-6921943.12,-1848570474.93,5370971251.78,3522400776.85,,0,0,0,0,0,0,0,0,0,0,0,0,0,0,0,0,0,0,0,0,0,0,0,0,0,0,0,0,0,0,0,0,0
20181231,元,,71848594876.67,33870621.30,949357666.99,72831823164.96,62147360462.48,4340170197.41,625922129.93,2381383575.05,69494836364.87,3336986800.09,,1358832162.02,172864705.12,304331804.54,144747050.32,7392403.73,1988168125.73,3707458633.09,669241964.32,0,3061116.47,4379761713.88,-2391593588.15,,17114039.46,17114039.46,11756726118.80,0,20000000.00,11793840158.26,9028811404.18,1180790718.56,112063779.04,181615781.46,10391217904.20,1402622254.06,-2710195.00,2345305271.00,3025665980.78,5370971251.78,,2721803276.10,0,0,697730462.34,1027887099.16,70580568.22,73049475.81,0,0,58123151.72,58877019.31,-1577581.96,0,0,464782131.45,-2182186909.46,21263667.71,-2140513.00,-332416441.43,137901574.67,523309819.45,0,0,0,3336986800.09,0,0,0,5370971251.78,3025665980.78,0,0,2345305271.00
20180930,元,,53066779432.69,24623608.48,528967928.26,53620370969.43,46447253195.30,3059120065.08,505600816.83,1555322674.79,51567296752.00,2053074217.43,,1304511762.46,164961107.44,152112635.50,110521410.60,0,1732106916.00,2573037496.67,648800404.32,0,13046363.23,3234884264.22,-1502777348.22,,13613039.46,13613039.46,7993231020.66,0,20000000.00,8026844060.12,5592809487.14,1209659752.00,201807424.87,45524128.79,6847993367.93,1178850692.19,6923117.88,1736070679.28,3025665980.78,4761736660.06,,0,0,0,0,0,0,0,0,0,0,0,0,0,0,0,0,0,0,0,0,0,0,0,0,0,0,0,0,0,0,0,0,0
20180630,元,,33353365195.42,14887826.65,512472614.31,33880725636.38,29170840386.43,1983667117.97,328745637.08,1158378662.09,32641631803.57,1239093832.81,,1217611738.50,23182402.21,125577684.99,6630943.73,0,1373002769.43,1601274975.76,625004260.40,0,13253268.23,2239532504.39,-866529734.96,,3713039.56,3713039.56,6372391501.93,0,21563213.10,6397667754.59,4507797774.37,229594712.24,60384026.19,29696652.86,4767089139.47,1630578615.12,12471778.98,2015614491.95,3025665980.78,5041280472.73,,1411614399.38,0,0,346761515.35,608234841.70,32621301.23,41532287.17,0,0,-41417440.34,16331298.14,3724562.50,0,0,221602215.83,-1296206756.28,-3508861.96,-1058929.56,91637548.90,-721493666.12,528719516.87,0,0,0,1239093832.81,0,0,0,5041280472.73,3025665980.78,0,0,2015614491.95
20180331,元,,15275883559.65,3836135.29,220292847.72,15500012542.66,13830035445.45,1008390905.85,163603424.37,487270352.68,15489300128.35,10712414.31,,944216733.26,4836746.18,33298657.44,6630943.73,4859147.55,993842228.16,747382655.16,464744926.40,0,4110766.80,1216238348.36,-222396120.20,,5726315.78,5726315.78,3107382093.54,0,0,3113108409.32,1725871403.72,68949608.61,6339783.25,4141475.54,1798962487.87,1314145921.45,-21952641.83,1080509573.73,3025665980.78,4106175554.51,,0,0,0,0,0,0,0,0,0,0,0,0,0,0,0,0,0,0,0,0,0,0,0,0,0,0,0,0,0,0,0,0,0
20171231,元,,64269674179.55,19188141.61,1121027581.66,65409889902.82,55568532836.08,3981216803.11,586578675.60,2561369858.71,62697698173.50,2712191729.32,,488423572.49,454091216.00,367464057.20,14809755.83,14831060.14,1339619661.66,2496212235.70,1255379288.53,142411311.92,2550052.32,3896552888.47,-2556933226.81,,19583058.00,19583058.00,7174178381.43,0,6817679.00,7200579118.43,4482525511.89,2752445685.45,347843367.33,132402150.90,7367373348.24,-166794229.81,-94242272.73,-105778000.03,3131443980.81,3025665980.78,,2932209970.59,0,0,153509949.44,1113008994.50,60986757.13,69709542.41,0,0,-27724678.37,24246094.88,-128971.95,0,0,381821428.50,-2213657813.37,-1986243.05,-150835.52,-604525774.48,-313073322.23,1137946630.84,0,0,0,2712191729.32,0,0,0,3025665980.78,3131443980.81,0,0,-105778000.03
20170930,元,,48021861452.14,28297144.62,474329316.36,48524487913.12,41956483771.99,2740570732.80,461575160.04,1486682276.82,46645311941.65,1879175971.47,,73855264.73,434546382.51,81623470.84,5618233.71,11810764.41,607454116.20,1315296550.92,556067214.83,142411311.92,22549522.24,2036324599.91,-1428870483.71,,10008000.00,10008000.00,4404196660.54,0,8299300.00,4422503960.54,2918569686.59,2642417360.47,255377849.59,30386498.61,5591373545.67,-1168869585.13,-57126187.97,-775690285.34,3131443980.81,2355753695.47,,0,0,0,0,0,0,0,0,0,0,0,0,0,0,0,0,0,0,0,0,0,0,0,0,0,0,0,0,0,0,0,0,0
20170630,元,,31412818290.74,23775165.07,464456882.72,31901050338.53,27781562551.25,1824267053.74,302940413.56,1005578344.12,30914348362.67,986701975.86,,43132659.66,10785505.05,55797868.87,4418965.30,11810764.41,125945763.29,807949155.40,556067214.83,127951311.92,6071658.17,1498039340.32,-1372093577.03,,8700000.00,8700000.00,4050633759.98,0,8299300.00,4067633059.98,1903267428.64,278981696.73,129601339.27,26371956.34,2208621081.71,1859011978.27,-20458164.22,1453162212.88,3131443980.81,4584606193.69,,1451021901.09,0,0,92119950.00,538039423.73,28650042.02,32987471.77,0,0,25491929.08,0,3681898.13,0,0,168649390.30,-1242001694.54,-6067935.97,-1349060.78,58854885.35,-587466663.84,424090439.52,0,0,0,986701975.86,0,0,0,4584606193.69,3131443980.81,0,0,1453162212.88
20170331,元,,15257268300.84,7924152.25,311389471.28,15576581924.37,13832863523.89,881003636.56,139467317.25,625177294.06,15478511771.76,98070152.61,,14267838.48,255983.65,23243545.84,0,0,37767367.97,343101922.68,507500645.84,116140547.51,0,966743116.03,-928975748.06,,7818000.00,7818000.00,1537705646.64,0,0,1545523646.64,516710828.15,90804113.86,52117592.95,15501558.60,623016500.61,922507146.03,-5071332.05,86530218.53,3131443980.81,3217974199.34,,0,0,0,0,0,0,0,0,0,0,0,0,0,0,0,0,0,0,0,0,0,0,0,0,0,0,0,0,0,0,0,0,0
20161231,元,,64048794923.48,22734149.33,546147044.46,64617676117.27,55833703628.53,3515309695.98,580096711.35,1577108958.43,61506218994.29,3111457122.98,,1917755834.00,553865957.48,280494118.17,0,0,2752115909.65,2103175178.30,848991522.09,268932981.89,70132863.64,3291232545.92,-539116636.27,,5067057.86,5067057.86,5297225486.02,1996800000.00,0,7299092543.88,8566943083.22,1831233169.75,401080840.79,77945745.15,10476121998.12,-3177029454.24,18054760.43,-586634207.10,3718078187.91,3131443980.81,,3132438656.19,0,0,215583281.68,882699806.47,54280864.07,46597244.79,0,0,3131647.34,0,-6569260.83,0,0,271818071.89,-2090821356.60,-47264210.26,-1852548.72,-966489156.82,-148122534.45,1766026618.23,0,0,0,3111457122.98,0,0,0,3131443980.81,3718078187.91,0,0,-586634207.10
20160930,元,,45917264249.58,10032179.98,561392240.41,46488688669.97,40054346221.17,2540767632.22,500052747.63,1334773111.96,44429939712.98,2058748956.99,,1723109291.38,555182998.99,122244930.26,19887739.12,0,2420424959.75,1247491360.05,564875620.43,221645474.27,5514158.33,2039526613.08,380898346.67,,4567057.86,4567057.86,5683344643.32,0,0,5687911701.18,6417955238.62,1611088293.93,191573860.17,17719578.25,8046763110.80,-2358851409.62,13894752.04,94690646.08,3718078187.91,3812768833.99,,0,0,0,0,0,0,0,0,0,0,0,0,0,0,0,0,0,0,0,0,0,0,0,0,0,0,0,0,0,0,0,0,0
20160630,元,,29267161995.86,8488129.95,324566646.58,29600216772.39,25226521786.13,1656414630.41,335902869.26,986535961.19,28205375246.99,1394841525.40,,353114303.43,333517093.46,81475792.37,0,0,768107189.26,780520042.64,287736499.82,0,89400043.32,1157656585.78,-389549396.52,,4567057.86,4567057.86,1781840182.23,0,0,1786407240.09,2113406437.40,1411119511.78,173410053.72,9833984.96,3534359934.14,-1747952694.05,11693841.92,-730966723.25,3718078187.91,2987111464.66,,1832165720.68,0,0,63746200.65,437592733.62,18896209.62,21257352.84,0,0,-12175586.55,0,-130415.17,0,0,128368713.28,-1205505994.90,-623046.62,504189.52,-357948805.36,-820241542.40,1288935796.19,0,0,0,1394841525.40,0,0,0,2987111464.66,3718078187.91,0,0,-730966723.25
20160331,元,,12864348038.45,0,111649449.70,12975997488.15,10812022216.09,843306320.03,141205442.40,460831770.77,12257365749.29,718631738.86,,207731423.21,116881131.36,29925743.52,0,0,354538298.09,174156502.47,126126111.81,0,59618331.64,359900945.92,-5362647.83,,2567057.86,2567057.86,961896189.26,0,0,964463247.12,1121460081.45,75082820.59,12245378.99,5957557.41,1202500459.45,-238037212.33,-9608287.71,465623590.99,3718078187.91,4183701778.90,,0,0,0,0,0,0,0,0,0,0,0,0,0,0,0,0,0,0,0,0,0,0,0,0,0,0,0,0,0,0,0,0,0
20151231,元,,64929685329.34,2890024.65,403172831.35,65335748185.34,56445354069.02,3516704134.70,593212366.63,1592713345.36,62147983915.71,3187764269.63,,4840195878.74,306285174.77,196286427.49,37400751.99,0,5380168232.99,1767305716.24,5171678290.62,2402750.99,0,6941386757.85,-1561218524.86,,157702057.50,157702057.50,6542220795.01,0,48009525.90,6747932378.41,6809843533.78,1061875530.25,246556203.08,51102518.41,7922821582.44,-1174889204.03,-2125227.69,449531313.05,3268546874.86,3718078187.91,,2959663056.03,0,0,140471184.98,872641931.32,36109603.27,43733332.43,0,0,18590539.99,0,1685401.91,0,0,351227324.01,-2432715012.34,-126052778.56,-125185.42,1258662569.22,369543165.45,-305670862.66,0,0,0,3187764269.63,0,0,0,3718078187.91,3268546874.86,0,0,449531313.05
20150930,元,,48594200610.16,580619.03,368739434.19,48963520663.38,42414618487.49,2429619629.31,418995533.13,1278743326.00,46541976975.93,2421543687.45,,3489181184.95,309163065.23,110869045.07,7336745.89,0,3916550041.14,1142533086.57,3430741928.80,2402750.99,5375634.13,4581053400.49,-664503359.35,,108635486.51,108635486.51,5487894537.47,0,32287500.00,5628817523.98,5314307680.41,898792215.56,130236640.64,25007035.92,6238106931.89,-609289407.91,2544755.39,1150295675.58,3268546874.86,4418842550.44,,0,0,0,0,0,0,0,0,0,0,0,0,0,0,0,0,0,0,0,0,0,0,0,0,0,0,0,0,0,0,0,0,0
20150630,元,,29740233864.77,580619.03,358085524.52,30098900008.32,25703272294.38,1672812414.60,289913788.37,865283687.84,28531282185.19,1567617823.13,,2275093407.29,120473914.25,91568223.56,5669994.16,0,2492805539.26,784927272.21,1143198046.32,2402750.99,73875634.13,2004403703.65,488401835.61,,68955486.49,68955486.49,2165994939.38,0,32287500.00,2267237925.87,3698375410.96,280260198.19,85916354.72,12115827.44,3990751436.59,-1723513510.72,-2224721.91,330281426.11,3268546874.86,3598828300.97,,1582252802.31,0,0,55418625.34,425782469.21,17255602.73,17331508.83,0,0,11872936.01,0,-5273087.53,0,0,179315194.98,-1279460737.56,-7416611.23,1313982.36,432431093.71,-460022236.13,596816280.10,0,0,0,1567617823.13,0,0,0,3598828300.97,3268546874.86,0,0,330281426.11
20150331,元,,13320388144.20,3674150.68,174346955.22,13498409250.10,11655822497.24,890567699.68,148636413.61,438794436.46,13133821046.99,364588203.11,,717629743.76,120022814.25,11985560.31,0,0,849638118.32,394439403.39,661537139.01,0,6374.90,1055982917.30,-206344798.98,,0,0,616238666.56,0,22293302.98,638531969.54,906032980.81,104273961.65,42280030.96,1600000.00,1011906942.46,-373374972.92,-2489439.14,-217621007.93,3268546874.86,3050925866.93,,0,0,0,0,0,0,0,0,0,0,0,0,0,0,0,0,0,0,0,0,0,0,0,0,0,0,0,0,0,0,0,0,0
20141231,元,,74056407448.84,1338945.04,481837189.10,74539583582.98,67304986156.03,3687260332.09,646143395.09,1557242449.40,73195632332.61,1343951250.37,,13380491943.56,884655727.26,161066243.99,0,0,14426213914.81,2199213769.22,13227038655.33,23433229.27,687459.68,15450373113.50,-1024159198.69,,3073679982.42,73680000.00,8286496301.71,0,4412024.04,11364588308.17,9911113750.96,1512335175.91,180425710.68,95900874.69,11519349801.56,-154761493.39,-27041298.59,137989259.70,3130557615.16,3268546874.86,,2613412936.24,0,0,98337224.51,851156573.95,28281185.13,27068706.45,0,0,3935917.87,0,-1264729.85,0,0,457625484.67,-2281230447.18,-12753458.50,-272410.72,-70920019.28,-73832933.46,-295592779.46,0,0,0,1343951250.37,0,0,0,3268546874.86,3130557615.16,0,0,137989259.70
20140930,元,,51745987347.93,8174784.98,506554693.38,52260716826.29,47481529952.56,2481760259.21,502721584.43,1118312612.78,51584324408.98,676392417.31,,10872148565.32,147736929.57,42316075.98,0,0,11062201570.87,1366815587.69,11775753226.51,13196053.57,318923.35,13156083791.12,-2093882220.25,,3065449982.42,65450000.00,6854242740.39,0,0,9919692722.81,7115629349.91,951035007.44,147028856.38,65036735.73,8131701093.08,1787991629.73,2935314.96,373437141.75,3130557615.16,3503994756.91,,0,0,0,0,0,0,0,0,0,0,0,0,0,0,0,0,0,0,0,0,0,0,0,0,0,0,0,0,0,0,0,0,0
20140630,元,,32060915907.02,8000584.98,377449834.85,32446366326.85,29875201169.33,1674970676.51,337861882.82,788046454.31,32676080182.97,-229713856.12,,6743017540.71,147659408.57,30867361.93,0,0,6921544311.21,641092667.42,6028913505.83,13196053.57,31463.67,6683233690.49,238310620.72,,24130000.00,24130000.00,5679576228.99,0,0,5703706228.99,4419878178.50,773988783.03,94511328.90,48612708.90,5242479670.43,461226558.56,6263728.23,476087051.39,3130557615.16,3606644666.55,,1257385002.53,0,0,50445267.83,421736357.80,12119166.72,13693226.96,0,0,15460384.42,0,2958050.94,0,0,222809458.26,-1272421581.10,-8330881.02,-388319.04,-50716018.20,-611230660.92,-283233311.30,0,0,0,-229713856.12,0,0,0,3606644666.55,3130557615.16,0,0,476087051.39
20140331,元,,14586679056.15,0,179202489.61,14765881545.76,13675943853.82,823920366.46,181889425.66,467451055.51,15149204701.45,-383323155.69,,5623840415.24,131826.07,8106296.98,0,0,5632078538.29,317384173.84,4504778833.45,0,0,4822163007.29,809915531.00,,7500000.00,7500000.00,2479488270.73,0,0,2486988270.73,2930608325.23,147116183.45,300000.00,0,3077724508.68,-590736237.95,4211628.31,-159932234.33,3130557615.16,2970625380.83,,0,0,0,0,0,0,0,0,0,0,0,0,0,0,0,0,0,0,0,0,0,0,0,0,0,0,0,0,0,0,0,0,0
20131231,元,,72859143188.26,1857416.23,494254237.44,73355254841.93,66199531632.24,3429032642.96,505303524.56,1637746285.08,71771614084.84,1583640757.09,,7376698974.22,418207989.36,159491103.19,51147855.07,0,8005545921.84,2353608405.78,8385024339.51,17232060.64,0,10755864805.93,-2750318884.09,,104792875.17,104792875.17,8730384276.23,0,18305688.41,8853482839.81,6599194766.53,926811940.26,331200961.68,6673102.23,7532679809.02,1320803030.79,-5742483.03,148382420.76,2982175194.40,3130557615.16,,2491454861.89,0,0,40630588.91,759733958.69,25607577.28,32217037.69,0,0,41818982.07,0,-263642.92,0,0,502682475.35,-2135235476.44,-4892893.82,289392.82,-312540180.91,46917085.55,95220990.93,0,0,0,1583640757.09,0,0,0,3130557615.16,2982175194.40,0,0,148382420.76
20130930,元,,50707285109.83,32181641.26,213552634.85,50953019385.94,46472528349.17,2479568995.19,381468287.34,1011948493.69,50345514125.39,607505260.55,,3968158264.33,426783125.14,45650720.88,549986.04,0,4441142096.39,958064273.77,5483828956.37,0,2076468.29,6443969698.43,-2002827602.04,,88550000.00,88550000.00,7101710239.93,0,32103673.20,7222363913.13,5150349775.89,671364962.00,203396554.96,4158523.46,5825873261.35,1396490651.78,-15989438.54,-14821128.25,2982175194.40,2967354066.15,,0,0,0,0,0,0,0,0,0,0,0,0,0,0,0,0,0,0,0,0,0,0,0,0,0,0,0,0,0,0,0,0,0
20130630,元,,31280439246.41,26164118.20,170287347.51,31476890712.12,29180179760.25,1482120285.40,249814024.15,695711371.75,31607825441.55,-130934729.43,,1252639568.68,2426568.05,34218027.54,0,0,1289284164.27,659060601.64,2809056639.83,17296896.46,886922.12,3486301060.05,-2197016895.78,,59720000.00,59720000.00,4672039348.63,0,0,4731759348.63,2815276407.89,297599003.71,150858897.19,0,3112875411.60,1618883937.03,-23483330.72,-732551018.90,2982175194.40,2249624175.50,,1116616837.67,0,0,62169847.47,374520078.77,11936144.90,14464620.17,0,0,5751220.66,0,-384721.37,0,0,231800817.44,-1133438054.96,-2069750.55,-35767.93,-274410253.72,-564203304.33,26347556.35,0,0,0,-130934729.43,0,0,0,2249624175.50,2982175194.40,0,0,-732551018.90
20130331,元,,14945529484.60,6372683.03,88690033.43,15040592201.06,14015447157.46,743060895.55,128204955.83,411970131.18,15298683140.02,-258090938.96,,442273001.24,712845.72,9484247.99,0.00,0.00,452470094.95,300232417.60,1643369000.00,0.00,0.00,1943601417.60,-1491131322.65,,19490000.00,19490000.00,3274179035.45,0.00,0.00,3293669035.45,1361381551.83,96103313.00,8013403.09,0.00,1457484864.83,1836184170.62,2669817.79,89631726.80,2982175194.40,3071806921.20,,0,0,0,0,0,0,0,0,0,0,0,0,0,0,0,0,0,0,0,0,0,0,0,0,0,0,0,0,0,0,0,0,0
20121231,元,,77066908105.37,1872590.06,514384033.10,77583164728.53,70469350324.01,3176971248.17,543302901.83,1341566611.49,75531191085.50,2051973643.03,,320901532.27,624236575.43,107782683.77,1124401.95,5265599.72,1059310793.14,2038242918.37,457346104.50,0,0,2495589022.87,-1436278229.73,,135579700.00,135579700.00,6616388106.14,0,10346969.89,6762314776.03,5606987946.34,917446227.83,215546618.38,2000000.00,6526434174.17,235880601.86,-13101654.72,838474360.44,2143700833.96,2982175194.40,,2193988799.07,0,0,184687806.62,717686039.15,19501207.23,27495929.69,0,0,39157191.25,0.00,-8570880.09,0,0,417081103.44,-1811219304.24,10665424.07,503982.33,289341227.93,163593254.58,-191938138.00,0,0,0,2051973643.03,0,0,0,2982175194.40,2143700833.96,0,0,838474360.44
20120930,元,,56412730797.39,9744178.71,216783484.46,56639258460.56,52678133096.53,2070516485.06,452274195.38,813650339.07,56014574116.04,624684344.52,,171084968.32,631094837.13,17356314.06,0,10733689.28,830269808.79,855989135.64,380176230.25,0,53369458.75,1289534824.64,-459265015.85,,99155000.00,99155000.00,5039458025.45,0,0,5138613025.45,3941572839.26,805516341.35,239076842.31,0,4747089180.61,391523844.84,-8056286.42,548886887.09,2143700833.96,2692587721.05,,0,0,0,0,0,0,0,0,0,0,0,0,0,0,0,0,0,0,0,0,0,0,0,0,0,0,0,0,0,0,0,0,0
20120630,元,,36579861017.83,1068365.00,138239465.41,36719168848.24,33946939978.33,1298683047.66,376329500.34,587949930.89,36209902457.22,509266391.02,,45989468.93,406302602.82,11438674.62,0,0,463730746.37,644732729.70,183442932.03,0,15827733.75,844003395.48,-380272649.11,,73290000.00,73290000.00,3529319147.60,0,0,3602609147.60,2683349698.90,339998890.30,167890463.92,0.00,3023348589.20,579260558.40,-17941729.25,690312571.06,2143700833.96,2834013405.02,,1252465594.75,0,0,52919372.25,314147396.70,9731230.90,17047121.16,0,0,17041158.87,0,-6462797.53,0,0,186992657.60,-913535868.23,3925598.83,-46685.37,-73583001.85,-193614937.43,-157760449.63,0,0,0,509266391.02,0,0,0,2834013405.02,2143700833.96,0,0,690312571.06
20120331,元,,17552251141.76,1608600.96,125101196.10,17678960938.82,15851432192.88,678077091.61,253176465.55,257370639.63,17040056389.67,638904549.15,,15642674.26,10375.88,7090212.54,0,0,22743262.68,155654887.60,38033511.89,0,0,193688399.49,-170945136.81,,73290000.00,73290000.00,1498077757.68,0,0,1571367757.68,1599625684.71,90738826.14,18814249.79,0,1690364510.85,-118996753.17,-8198566.59,340764092.58,2143700833.96,2484464926.54,,0,0,0,0,0,0,0,0,0,0,0,0,0,0,0,0,0,0,0,0,0,0,0,0,0,0,0,0,0,0,0,0,0
20111231,元,,75997505312.86,7207598.54,467568248.71,76472281160.11,69542952640.30,2506249752.06,592079575.48,1708993738.34,74350275706.18,2122005453.93,,257627998.21,145371853.19,120956255.34,80184954.09,3882263.40,608023324.23,1716513953.83,342270243.69,45252885.68,0,2104037083.20,-1496013758.97,,113486198.33,113486198.33,4120027900.11,0,346200000.00,4579714098.44,3629761110.78,551404821.41,214166088.50,513071413.55,4694237345.74,-114523247.30,-38002760.81,473465686.85,1670235147.11,2143700833.96,,3344392149.77,0,0,223865618.88,608788091.14,23681658.06,22643808.10,0,0,13786643.02,0,6940251.55,0,0,397483770.05,-1703281929.98,-21411926.91,-57612.14,-1212043834.50,-864847258.31,1282066025.20,0,0,0,2122005453.93,0,0,0,2143700833.96,1670235147.11,0,0,473465686.85
20110930,元,,7585856718.56,1555401.10,67378792.85,7654790912.51,6959358121.30,254492971.28,107396100.75,306608838.42,7627856031.75,26934880.76,,246366207.93,134870999.81,29252016.39,196753232.75,0,607242456.88,247049107.64,259943115.31,0,55001400.00,561993622.95,45248833.93,,2912198.34,2912198.34,1544754407.83,0,346200000.00,1893866606.17,1043506071.68,170661523.61,53807771.65,343300000.00,1557467595.29,336399010.88,-10126754.22,398455971.35,697791906.35,1096247877.70,,0,0,0,0,0,0,0,0,0,0,0,0,0,0,0,0,0,0,0,0,0,0,0,0,0,0,0,0,0,0,0,0,0
20110630,元,,4613178311.84,590242.47,61760535.24,4675529089.55,4362384596.18,165794326.48,66060098.95,214952847.19,4809191868.80,-133662779.25,,230533294.15,133421080.12,14930888.42,0,0,378885262.69,160964469.47,245690919.64,0,22197029.92,428852419.03,-49967156.34,,2912198.34,2912198.34,1387688978.03,0,155400000.00,1546001176.37,769506071.68,127555979.18,53807771.65,161500000.00,1058562050.86,487439125.51,-7837413.59,295971776.33,697791906.35,993763682.68,,664742473.52,0,0,19815446.99,68063922.34,2956412.56,391024.79,0,0,-3866134.71,15679.95,2594733.20,0,0,99111304.97,-692663912.93,-3271502.22,0,-156790782.86,-161580149.24,26818704.39,0,0,0,-133662779.25,0,0,0,993763682.68,697791906.35,0,0,295971776.33
20110331,元,,2190990763.53,499691.53,32347761.40,2223838216.46,2184762450.49,83917150.21,26377858.90,77064418.39,2372121877.99,-148283661.53,,63510624.19,0,1698801.59,0,0,65209425.78,70002028.71,86486027.44,0,37852089.45,194340145.60,-129130719.82,,2550000.00,2550000.00,743035202.57,0,30000000.00,775585202.57,569506071.68,53189897.43,19966632.87,80000000.00,702695969.11,72889233.46,-4807615.90,-209332763.79,697791906.35,488459142.56,,0,0,0,0,0,0,0,0,0,0,0,0,0,0,0,0,0,0,0,0,0,0,0,0,0,0,0,0,488459142.56,697791906.35,0,0,-209332763.79
20101231,元,,8332020656.70,6120217.62,108827592.37,8446968466.69,7630990226.73,288729771.94,125036208.25,389963036.30,8434719243.22,12249223.47,,360573458.07,58399127.08,60164755.63,113920.27,2113866.87,481365127.92,333821047.32,427735140.71,0,0,761556188.03,-280191060.11,,6127089.99,6127089.99,1826880979.43,0,621382337.73,2454390407.15,1779084846.34,298145166.86,29583937.80,35517379.95,2112747393.15,341643014.00,-16500849.94,57200327.42,640591578.93,697791906.35,,797399701.57,0,0,-7463324.15,132794425.70,5923616.88,1385609.32,0,0,-12499859.38,0,5292921.77,0,0,199992501.54,-893704388.91,10052662.84,-631701.45,-194510470.08,-80872376.92,49089904.74,0,0,0,12249223.47,0,0,0,697791906.35,640591578.93,0,0,57200327.42
20100930,元,,5637816053.51,1199516.20,56741726.56,5695757296.27,5251133924.71,206935691.59,83818098.52,239423034.31,5781310749.13,-85553452.86,,268701935.76,56982622.39,40956858.94,0,2214000.57,368855417.66,131014096.91,269717936.09,280605.70,277696.66,401290335.36,-32434917.70,,4000000.00,4000000.00,1406599901.47,0,628000000.00,2038599901.47,1580674840.05,206095968.42,13891529.43,8268954.80,1795039763.27,243560138.20,-2704274.67,122867492.97,640591578.93,763459071.90,,0,0,0,0,0,0,0,0,0,0,0,0,0,0,0,0,0,0,0,0,0,0,0,0,0,0,0,0,763459071.90,640591578.93,0,0,122867492.97
20100630,元,,3572040980.94,1043789.46,28944361.53,3602029131.93,3406473395.62,138299107.09,50535439.21,198530961.27,3793838903.19,-191809771.26,,141290053.26,0,7212012.88,0,1214000.57,149716066.71,95635389.81,125373884.93,0,33566726.59,254576001.33,-104859934.62,,0,0,1156196986.97,0,100000000.00,1256196986.97,842271925.55,59585953.56,0,4000000.00,905857879.11,350339107.86,515853.65,54185255.63,640591578.93,694776834.56,,380506486.56,0,0,-9592104.35,58032648.98,2689004.99,747198.30,0,0,7029958.34,39354.30,5749597.32,0,0,87643210.24,-444158865.38,-475482.39,-631701.45,-162035244.44,-108893856.34,-8459975.94,0,0,0,-191809771.26,0,0,0,694776834.56,640591578.93,0,0,54185255.63
20100331,元,,1666526522.58,789674.36,28560566.27,1695876763.21,1604505697.66,71858832.15,20986563.07,94754306.37,1792105399.25,-96228636.04,,81252225.05,0,5406382.17,0,0,86658607.22,39319187.43,38229278.33,0,31194424.94,108742890.70,-22084283.48,,0,0,858108936.85,0,0,858108936.85,532271925.55,30792335.60,0,0,563064261.15,295044675.70,-2311129.13,174420627.05,640591578.93,815012205.98,,0,0,0,0,0,0,0,0,0,0,0,0,0,0,0,0,0,0,0,0,0,0,0,0,0,0,0,0,815012205.98,640591578.93,0,0,174420627.05
20091231,元,,7411629551.68,316799.00,52285452.53,7464231803.21,6430381445.94,260497993.43,137745150.80,479229996.93,7307854587.10,156377216.11,,143659133.79,90385337.26,30307531.17,16970928.38,0,281322930.60,201710173.83,261759037.57,120000.00,0,463589211.40,-182266280.80,,0,0,3928013097.60,800000000.00,0,4728013097.60,4412027052.72,203453108.04,0,0,4615480160.76,112532936.84,1127349.09,87771221.24,552820357.69,640591578.93,,530875525.66,0,0,13526185.50,119932460.04,6472820.02,1546488.69,0,0,2437383.60,0,-2479744.62,0,0,194700108.56,-635598817.40,-12993007.72,447818.25,-86745756.46,-10316504.63,34572256.62,0,0,0,156377216.11,0,0,0,640591578.93,552820357.69,0,0,87771221.24
20090930,元,,5355708693.27,3316555.09,59597763.42,5418623011.78,4780220725.29,186432049.52,87756937.04,253157761.70,5307567473.55,111055538.23,,105591781.05,91385046.70,5960656.86,30928.38,0,202968412.99,128524427.71,181149312.86,0,30003810.00,339677550.57,-136709137.58,,0,0,3893101452.42,0,69282970.29,3962384422.71,3262797119.42,138743078.42,503800.00,71005736.95,3472545934.79,489838487.92,-5255760.49,458929128.08,552820357.69,1011749485.77,,0,0,0,0,0,0,0,0,0,0,0,0,0,0,0,0,0,0,0,0,0,0,0,0,0,0,0,0,1011749485.77,552820357.69,0,0,458929128.08
20090630,元,,3338606219.39,1803935.62,43337014.86,3383747169.87,2870822414.32,124900613.16,65686402.44,220110327.00,3281519756.92,102227412.95,,45888247.51,90292293.01,2850577.66,30928.38,0,139062046.56,93039749.06,112723559.11,0,0,205763308.17,-66701261.61,,0,0,2635249012.67,0,69282970.29,2704531982.96,2619756373.40,71862760.62,503800.00,1005736.95,2692624870.97,11907111.99,-2462992.68,44970270.65,552820357.69,597790628.34,,339100740.16,0,0,24512298.52,56833159.20,2996642.40,743516.01,0,0,1715040.32,0,-660792.12,0,0,86521572.25,-454132365.11,-1747384.03,155057.33,-50182777.66,-20411709.70,116784415.38,0,0,0,102227412.95,0,0,0,597790628.34,552820357.69,0,0,44970270.65
20090331,元,,1553248242.88,1671708.74,20598898.40,1575518850.02,1330224964.84,63245540.81,28317570.82,86774149.90,1508562226.37,66956623.65,,5667357.58,0,1713287.33,30928.38,0,7411573.29,36407235.92,69187563.38,0,10056682.24,115651481.54,-108239908.25,,0,0,1298071891.75,0,69282970.29,1367354862.04,1104825373.40,42061863.43,0,991969.71,1147879206.54,219475655.50,-2702126.66,175490244.24,552820357.69,728310601.93,,0,0,0,0,0,0,0,0,0,0,0,0,0,0,0,0,0,0,0,0,0,0,0,0,0,0,0,0,728310601.93,552820357.69,0,0,175490244.24
20081231,元,,7841793361.74,603400.00,82404723.42,7924801485.16,6982159380.66,250264229.68,95741597.56,399007728.79,7727172936.69,197628548.47,,121565781.99,53416498.34,11713300.04,6953003.29,0,193648583.66,270740672.07,84132621.60,0,0,354873293.67,-161224710.01,,4900000.00,0,2830799356.13,0,0,2835699356.13,2680588439.85,235960444.88,0,0,2916548884.73,-80849528.60,-16876489.32,-61322179.46,614142537.15,552820357.69,,288872282.75,0,0,21296425.64,110845258.19,6115158.56,2173010.93,0,0,2359734.73,0,22211637.97,0,0,230524613.84,-483958679.36,805857.34,-3214376.90,22471793.46,41098962.47,-63973131.15,0,0,0,197628548.47,0,0,0,552820357.69,614142537.15,0,0,-61322179.46
20080930,元,,5736602574.66,922759.48,59898026.68,5797423360.82,5364418567.79,173653199.19,70648070.08,172147821.46,5780867658.52,16555702.30,,66289195.82,42755751.27,3193739.24,0,0,112238686.33,187326918.75,0,0,2000000.00,189326918.75,-77088232.42,,2010181.38,0,1801071025.86,0,145000000.00,1948081207.24,1421559378.22,140301951.01,0,25720862.00,1587582191.23,360499016.01,-1454950.19,298511535.70,614142537.15,912654072.85,,0,0,0,0,0,0,0,0,0,0,0,0,0,0,0,0,0,0,0,0,0,0,0,0,0,0,0,0,912654072.85,614142537.15,0,0,298511535.70
20080630,元,,3773048442.97,806898.96,31345367.16,3805200709.09,3578374780.51,116920464.63,42310998.43,126412348.43,3864018592.00,-58817882.91,,65807823.38,42755751.27,1551527.78,0,0,110115102.43,117159957.75,0,0,2001960.00,119161917.75,-9046815.32,,52041.96,52041.96,1619620948.88,0,145000000.00,1764672990.84,1151945955.34,81108149.69,2962723.90,25720862.00,1258774967.03,505898023.81,4967963.80,443001289.38,614142537.15,1057143826.53,,239066649.07,0,0,7206168.75,40807278.84,3792267.63,1230070.58,0,0,1455248.02,0,17360580.38,0,0,112979448.99,-375269441.81,-2328078.91,-984410.66,-118756908.41,-65871345.45,80494590.07,0,0,0,-58817882.91,0,0,0,1057143826.53,614142537.15,0,0,443001289.38
20080331,元,,1744758492.73,250205.12,20201169.61,1765209867.46,1719899039.73,59047427.52,13716565.40,62439937.86,1855102970.51,-89893103.05,,27518723.42,0,697024.91,0,0,28215748.33,37018924.55,0,0,0,37018924.55,-8803176.22,,0,0,753083663.40,0,0,753083663.40,532225452.67,35036797.18,0,25000000.00,592262249.85,160821413.55,-5577751.06,56547383.22,614142537.15,670689920.37,,0,0,0,0,0,0,0,0,0,0,0,0,0,0,0,0,0,0,0,0,0,0,0,0,0,0,0,0,670689920.37,614142537.15,0,0,56547383.22
20071231,元,,5187834858.72,539617.76,197425626.22,5385800102.70,4776162452.08,190931264.51,79800910.71,284039974.53,5330934601.83,54865500.87,,398350409.80,1955019.09,16321280.95,26426515.26,0,443053225.10,312484780.32,1192952022.92,18439146.91,4025506.54,1527901456.69,-1084848231.59,,71333445.68,0,3069507977.42,0,380000000.00,3520841423.10,1750691948.67,185904559.80,37720652.55,430000000.00,2366596508.47,1154244914.63,-11457500.69,112804683.22,501337853.93,614142537.15,,381959263.39,0,0,9556386.06,95388328.13,9341944.83,17336249.48,0,0,-14511231.14,0,-22947170.78,0,0,123899673.54,-475168466.09,-4714952.31,3041346.89,-240961103.83,128221588.27,44423644.43,0,0,0,54865500.87,0,0,0,614142537.15,501337853.93,0,0,112804683.22
20070930,元,,3523085876.94,1568196.48,93025860.61,3624657440.49,3102376641.22,146339246.25,52022690.09,201938103.60,3502676681.16,121980759.33,,393160722.91,116987216.16,7171181.18,26865375.45,0,544184495.70,238434657.83,1273190158.86,67966832.01,46642765.39,1626234414.09,-1082049918.39,,0,0,2179830564.78,0,439700000.00,2619530564.78,1177500000.00,75342177.85,5676136.81,410125000.00,1662967177.85,956563386.93,-9242141.27,-12747913.40,501337853.93,488589940.53,,0,0,0,0,0,0,0,0,0,0,0,0,0,0,0,0,0,0,0,0,0,0,0,0,0,0,0,0,488589940.53,501337853.93,0,0,-12747913.40
20070630,元,,2079986422.07,833585.20,172430212.90,2257661319.77,1839646678.86,98151441.42,34072768.66,178161428.93,2150032317.87,107629001.90,,172587523.45,88325211.72,6611675.18,25866931.30,0,293391341.65,153428521.42,1240443700.53,61420655.24,33417651.94,1488710529.13,-1195319187.48,,0,0,1742500000.00,0,439700000.00,2182200000.00,868500000.00,40572615.72,797876.30,50125000.00,959197615.72,1223002384.28,-6590036.57,128722162.13,501337853.93,630060016.06,,214247111.18,0,0,3308536.28,64851556.17,3270621.11,10751310.75,0,0,4965489.09,21262.36,45880470.52,0,0,39774739.42,-265818995.43,-1321182.85,1836626.21,-21493621.58,-79139193.05,86494271.72,0,0,0,107629001.90,0,0,0,630060016.06,501337853.93,0,0,128722162.13
20070331,元,,899572518.88,44100.14,15661406.59,915278025.61,806213073.32,49279757.38,13950904.81,52554528.41,921998263.92,-6720238.31,,64200060.00,509674.40,5661544.69,0,0,70371279.09,81350190.01,25000000.00,0,124432398.08,230782588.09,-160411309.00,,0,0,561500000.00,0,380000000.00,941500000.00,96000000.00,17052362.00,0,50000000.00,163052362.00,778447638.00,-7534.93,611308555.76,501337853.93,1112646409.69,,0,0,0,0,0,0,0,0,0,0,0,0,0,0,0,0,0,0,0,0,0,0,0,0,0,0,0,0,1112646409.69,501337853.93,0,0,611308555.76
20061231,元,,3588513208.60,5851091.31,132981988.65,3727346288.56,3018243314.93,175080831.36,101746695.04,327245251.79,3622316093.12,105030195.44,,422616745.93,27966829.86,4123932.20,55454491.64,9646096.47,519808096.10,476995779.85,504655022.38,30286120.55,38057446.61,1049994369.39,-530186273.29,,11988424.56,11988424.56,1558110000.00,0,204232630.43,1774331054.99,1002974172.64,77271361.73,2827085.02,269692773.34,1349938307.71,424392747.28,-2880049.10,-3643379.67,504981233.60,501337853.93,,210657739.87,87378451.95,0,1192551.54,105781575.52,5046974.06,22907216.18,2108408.79,-4827365.65,2531514.36,1229793.10,0,0,0,59853361.53,-254446777.55,0,0,-107107859.04,-49365068.20,22089678.98,0,0,0,105030195.44,0,0,0,501337853.93,504981233.60,0,0,-3643379.67
20060930,元,,2657145920.64,3437255.84,49453999.38,2710037175.86,2244840319.53,128017863.25,76381192.90,187457933.83,2636697309.51,73339866.35,,323859439.38,2858614.77,2118163.54,0,7159018.24,335995235.93,242374227.22,448709624.74,0,15572458.12,706656310.08,-370661074.15,,0,0,1183340000.00,0,90000000.00,1273340000.00,780142559.68,54642047.92,0,142802000.00,977586607.60,295753392.40,-352269.08,-1920084.48,504981233.60,503061149.12,,160162890.20,58012426.10,0,-3291410.55,76035480.14,3540650.76,11850341.85,-1361032.43,8485776.80,2040433.59,27730.69,0,0,0,39494158.48,-152179983.17,0,0,-91241150.31,-54568844.11,16332398.31,0,0,0,73339866.35,0,0,0,503061149.12,504981233.60,0,0,-1920084.48
20060630,元,,1652515760.73,2276485.78,28905947.46,1683698193.97,1321424616.81,85706928.59,45258986.77,158672293.83,1611062826.00,72635367.97,,217044920.28,22579925.86,1547389.85,0,0,241172235.99,140127451.94,246057471.71,0,29025.57,386213949.22,-145041713.23,,0,0,1105840000.00,0,90000000.00,1195840000.00,390202321.68,37045291.80,2640490.07,140000000.00,567247613.48,628592386.52,6965.51,556193006.77,504981233.60,1061174240.37,,111754953.55,34757234.68,0,-1245907.16,50979635.05,2399527.83,8782372.77,-5463628.68,-2522023.90,1478146.49,0,0,0,0,28629756.47,-105970334.65,0,0,-35430687.13,-10476866.74,-5036810.61,0,0,0,72635367.97,0,0,0,1061174240.37,504981233.60,0,0,556193006.77
20060331,元,,784769436.53,1741519.52,20122129.69,806633085.74,638192630.51,46315979.32,16990063.65,84387961.37,785886634.85,20746450.89,,20000000.00,933815.82,454370.00,0,0,21388185.82,61049016.21,29084551.22,0,0,90133567.43,-68745381.61,,0,0,306300000.00,0,0,306300000.00,204789978.04,12775563.21,0,40006620.00,257572161.25,48727838.75,182554.91,911462.94,504981233.60,505892696.54,,47242886.79,17260815.18,0,1729451.32,27633753.75,1207506.32,-393378.38,-6665034.45,2159859.70,704254.61,0,0,0,0,13143337.15,-45832232.32,0,0,-16444941.37,-4233827.72,-16765999.69,0,0,0,20746450.89,0,0,0,505892696.54,504981233.60,0,0,911462.94
20051231,元,,3444614855.37,1373117.00,15887098.86,3461875071.23,2728393172.71,150637502.48,93922824.61,221115065.96,3194068565.76,267806505.47,,492927200.18,37798995.02,15708670.12,0,98325.54,546533190.86,177278701.03,469295884.90,0,4508373.68,651082959.61,-104549768.75,,0,0,816300000.00,0,140000000.00,956300000.00,871527886.78,61804559.41,0,262471721.85,1195804168.04,-239504168.04,118666.01,-76128765.31,581109998.91,504981233.60,,180890600.99,70573947.76,0,20931375.49,100014798.22,4702539.83,15097884.57,145259.21,-153009.30,-3006592.42,4470105.17,0,0,0,59628109.65,-173548047.74,0,0,-42637047.15,10386293.66,20310287.53,0,0,0,267806505.47,0,0,0,504981233.60,581109998.91,0,0,-76128765.31
20050930,元,,2373897893.50,6501964.97,36681253.50,2417081111.97,1876906794.79,121243898.87,64982239.57,136439288.52,2199572221.75,217508890.22,,185890442.17,31618718.32,11756316.12,0,1983028.70,231248505.31,90837400.16,204581925.93,0,2677435.01,298096761.10,-66848255.79,,0,0,557154045.00,0,211794000.00,768948045.00,651836239.57,36567093.69,0,367500000.00,1055903333.26,-286955288.26,-1304662.19,-137599316.02,581109998.91,443510682.89,,108524290.49,53670882.60,0,33291504.76,74467288.61,3272208.27,14291645.08,-4385942.96,5138063.24,792743.51,49180.05,0,0,0,35508096.63,-128059547.49,0,0,-59432986.27,38701900.54,41679563.16,0,0,0,217508890.22,0,0,0,443510682.89,581109998.91,0,0,-137599316.02
20050630,元,,1597327140.15,1346860.68,23489101.17,1622163102.00,1256303663.49,76006677.07,45508805.72,88986948.35,1466806094.63,155357007.37,,78661175.57,26293193.21,11164222.54,0,98325.54,116216916.86,75359539.29,108543335.05,0,2677435.01,186580309.35,-70363392.49,,0,0,477500000.00,0,180000000.00,657500000.00,502670061.07,33053927.55,0,258964900.65,794688889.27,-137188889.27,-56245.63,-52251520.02,581109998.91,528858478.89,,79770394.67,36765820.68,0,4575907.02,49266014.09,2388820.68,10985252.43,-2111383.74,-37393.76,-1686691.51,1911093.58,0,0,0,29188052.30,-91971502.00,0,0,-19469008.57,22509563.89,33272067.61,0,0,0,155357007.37,0,0,0,528858478.89,581109998.91,0,0,-52251520.02
20050331,元,,0,0,0,0,0,0,0,0,0,82778138.53,,0,0,0,0,0,0,0,0,0,0,0,0,,0,0,0,0,0,0,0,0,0,0,0,0,0,0,0,0,,0,0,0,0,0,0,0,0,0,0,0,0,0,0,0,0,0,0,0,0,0,0,0,0,0,0,0,0,0,0,0,0,0
20041231,元,,2898555406.82,2999417.00,34116751.03,2935671574.85,2305090980.68,139043576.86,78707364.80,198921753.13,2721763675.47,213907899.38,,106968852.82,33747179.56,8693550.04,0,32543520.25,181953102.67,212101548.60,219943587.24,0,0,432045135.84,-250092033.17,,34500000.00,0,1006045238.10,0,271075000.00,1311620238.10,999028143.72,62022989.22,7695719.57,106785266.86,1167836399.80,143783838.30,-78786.21,107520918.30,473589080.61,581109998.91,,139701973.38,63040666.04,0,3323838.46,92804418.12,4913354.66,8002907.53,1849329.63,4950387.70,-1783319.71,4299660.53,0,0,0,54605849.22,-140345778.08,0,0,5265633.51,-14423329.83,-12297691.78,0,0,0,213907899.38,0,0,0,581109998.91,473589080.61,0,0,107520918.30
20040930,元,,1849785044.82,4698758.47,41998568.60,1896482371.89,1535851760.49,100626481.52,59374206.15,114259941.22,1810112389.38,86369982.51,,132017680.10,3052265.52,5911094.67,0,34596134.20,175577174.49,138140298.76,161490676.33,0,27043053.07,326674028.16,-151096853.67,,0,0,858574146.96,0,16093325.46,874667472.42,759493862.48,34886683.08,0,666239.63,795046785.19,79620687.23,-103363.69,14790452.38,471504188.15,486294640.53,,115838120.01,48442993.86,0,1033575.46,50607380.83,3882567.89,2181956.07,-6637368.06,7262507.77,-1155224.87,19378.28,0,0,0,36428784.59,-112970943.97,0,0,-3553897.69,-77822289.59,22812441.93,0,0,0,86369982.51,0,0,0,486294640.53,471504188.15,0,0,14790452.38
20040630,元,,1081680941.64,3889022.46,35811099.77,1121381063.87,892267702.06,68175616.01,41429253.30,80643101.24,1082515672.61,38865391.26,,20772470.68,32189024.40,5703926.13,0,36302484.36,94967905.57,110300309.32,81815383.25,0,21111856.39,213227548.96,-118259643.39,,0,0,638285238.10,0,13353384.04,651638622.14,572575662.68,36845022.41,0,2634676.24,612055361.33,39583260.81,-102968.54,-39913959.86,473589080.61,433675120.75,,74791549.53,28621217.42,0,783628.18,42490844.26,2425854.86,886738.03,-5601702.60,11297548.81,218560.45,54399.24,0,0,0,20757897.44,-77405369.80,0,0,1233843.21,-39617230.84,-22072386.93,0,0,0,38865391.26,0,0,0,433675120.75,473589080.61,0,0,-39913959.86
20040331,元,,548650053.12,1292700.00,14449788.48,564392541.60,452143601.37,33933948.14,16762628.69,25496745.39,528336923.59,36055618.01,,0,0,3162823.00,0,3675588.54,6838411.54,77847150.18,37542671.00,0,14920710.21,130310531.39,-123472119.85,,10000000.00,0,257300000.00,0,51799949.96,319099949.96,160136047.46,11720674.83,0,50280982.98,222137705.27,96962244.69,7366.63,9553109.48,473589080.61,483142190.09,,26011391.79,12434247.09,0,914791.39,20490786.11,1122052.99,413640.91,-3209627.13,10120010.01,201514.62,54399.24,0,0,0,6728332.42,-28850119.95,0,0,-8033202.24,-18045853.37,15703254.13,0,0,0,36055618.01,0,0,0,483142190.09,473589080.61,0,0,9553109.48
20031231,元,,2126130617.95,2802572.41,17422630.50,2146355820.86,1819414678.20,104253848.37,60558921.58,208959870.80,2193187318.95,-46831498.09,,4620433.00,14726187.18,7785998.70,0,108527451.20,135660070.08,220129048.04,172957262.57,0,41221776.32,434308086.93,-298648016.85,,144000000.00,0,991026739.35,0,105180000.00,1240206739.35,673296176.00,52305869.49,0,139723890.56,865325936.05,374880803.30,18803.36,29420091.72,444168988.89,473589080.61,,124348456.05,38639827.50,0,613884.71,71093718.40,4723162.74,5311660.64,-2931372.86,4184854.66,-1176213.21,1315253.14,0,0,0,38253601.56,-101004545.69,0,0,-144801895.93,-94207464.69,8805574.89,0,0,0,-46831498.09,0,0,0,473589080.61,444168988.89,0,0,29420091.72
20030930,元,,1432655006.18,2023909.95,19784118.33,1454463034.46,1188988516.12,91578190.27,40468131.43,78871907.92,1399906745.74,54556288.72,,0,14726187.18,2528167.37,0,0,17254354.55,124756297.34,80512480.00,0,0,205268777.34,-188014422.79,,0,0,846396045.03,0,82355616.33,928751661.36,578637422.13,23719654.32,0,139541903.47,741898979.92,186852681.44,44040.99,53438588.36,444168988.89,497607577.25,,108850741.89,31237083.08,0,9186577.14,48364124.42,3846347.32,5769400.73,-7694413.78,25485478.48,113590.14,10483.62,0,0,0,23185797.72,-83974713.70,0,0,-111393217.92,-86322031.10,87891040.68,0,0,0,54556288.72,0,0,0,497607577.25,444168988.89,0,0,53438588.36
20030630,元,,881318408.32,889994.00,13189412.22,895397814.54,745703035.55,28203702.66,21521711.63,55266286.91,850694736.75,44703077.79,,0,14726187.18,1876435.74,0,0,16602622.92,123369297.34,58094066.87,0,0,181463364.21,-164860741.29,,0,0,538694980.25,0,0,538694980.25,218546519.96,17957068.37,0,139262000.00,375765588.33,162929391.92,44333.23,42816061.65,444168988.89,486985050.54,,62978065.68,17945405.18,0,1120714.02,27411781.57,3538603.13,1106517.30,-6462049.16,9746591.79,-285388.46,257713.11,0,0,0,9398305.48,-50805667.45,0,0,-78443058.34,-13433856.14,60629400.08,0,0,0,44703077.79,0,0,0,486985050.54,444168988.89,0,0,42816061.65
20030331,元,,388098587.83,445862.00,26678517.43,415222967.26,335636643.55,23526399.60,10157110.22,25110119.44,394430272.81,20792694.45,,0,2370640.75,589144.77,0,0,2959785.52,64690258.44,19500000.00,0,0,84190258.44,-81230472.92,,144138900.00,0,171731491.55,0,0,315870391.55,126770000.00,4700565.37,0,0,131470565.37,184399826.18,0,123962047.71,444168988.89,568131036.60,,25434751.71,7562659.98,0,201575.89,11083521.74,694095.01,653651.40,-4416766.62,3031479.92,-319698.04,229300.21,0,0,0,3127232.31,-20908383.37,0,0,-43217531.94,-36557704.46,74194510.71,0,0,0,20792694.45,0,0,0,568131036.60,444168988.89,0,0,123962047.71
20021231,元,,1186476099.24,1338645.20,20117726.66,1207932471.10,912044194.08,44784209.74,17026293.62,87302145.13,1061156842.57,146775628.53,,0,12559820.00,720214.20,0,46574117.68,59854151.88,294640476.06,268043433.32,0,0,562683909.38,-502829757.50,,0,0,552882848.55,0,139262000.00,692144848.55,213514928.65,17285412.90,0,24151173.04,254951514.59,437193333.96,145790.94,81284995.93,362883992.96,444168988.89,,121327786.17,11792039.05,0,2196373.34,24588710.74,3947606.48,3144804.76,-220666.59,-80350.20,1352318.22,0,0,0,0,12730795.00,-67842948.53,0,0,-18991060.27,-50421185.18,103251405.54,0,0,0,146775628.53,0,0,0,444168988.89,362883992.96,0,0,81284995.93
20020630,元,,456717173.71,531974.20,6917137.60,464166285.51,389974095.94,18184590.61,8489694.31,31998908.24,448647289.10,15518996.41,,0,12559820.00,39879.71,0,0,12599699.71,103389507.00,6500000.00,0,5385201.66,115274708.66,-102675008.95,,0,0,51493084.52,0,3258316.37,54751400.89,66614928.65,2824817.45,0,68333.09,69508079.19,-14756678.30,-333615.57,-102246306.41,362883992.96,260637686.55,,48509653.91,4386997.54,0,797429.33,12292567.52,1815939.22,2656505.96,-29037.70,-85250.00,285490.15,0,0,0,0,-414393.06,-30514973.17,0,0,-29331875.77,-18662619.62,23812562.10,0,0,0,15518996.41,0,0,0,260637686.55,362883992.96,0,0,-102246306.41
20011231,元,,781399369.83,2081805.11,5195920.52,788677095.46,587332313.73,24078501.39,14258148.51,38895248.31,664564211.94,124112883.52,,27604000.00,0,23322.00,0,0,27627322.00,85969301.88,111177236.00,0,9267777.24,206414315.12,-178786993.12,,211956477.04,0,262029728.65,0,2728436.26,476714641.95,138243473.41,43413229.42,0,2422164.77,184078867.60,292635774.35,-333615.57,237628049.18,80845747.50,318473796.68,,84303073.82,8643734.97,0,511739.17,17854985.63,1820136.95,2505412.82,-739760.63,768015.63,0,553939.64,0,0,0,1417428.30,-41771670.46,0,0,2834635.03,49330234.38,-3919021.73,0,0,0,124112883.52,0,0,0,318473796.68,80845747.50,0,0,237628049.18
20010630,元,,318667149.30,261992.72,7175737.82,326104879.84,240474177.64,11803605.40,4591474.55,21755905.32,278625162.91,47479716.93,,0,27604000.00,0,0,0,27604000.00,51977816.33,65000000.00,0,0,116977816.33,-89373816.33,,211956477.04,0,31900000.00,0,0,243856477.04,57000554.77,1686545.56,0,13583.73,58700684.06,185155792.98,-57152.01,143204541.57,80845747.50,224050289.07,,42469930.04,1409223.55,0,1875518.27,8214683.45,1150407.99,129835.53,-820578.22,714708.45,-23322.00,78221.12,0,0,0,1700129.29,-17767868.92,0,0,19206324.44,-1362721.12,-9494774.94,0,0,0,47479716.93,0,0,0,224050289.07,80845747.50,0,0,143204541.57
20001231,元,,603060693.95,0,5441448.30,608502142.25,541689231.86,18769227.06,7376392.77,39635314.78,607470166.47,1031975.78,,0,0,30613.37,0,0,30613.37,74072035.40,37283961.30,0,0,111355996.70,-111325383.33,,2650000.00,0,206728538.81,0,0,209378538.81,158518752.70,10114536.90,0,0,168633289.60,40745249.21,-13632.56,-69561790.90,149377628.01,79815837.11,,55002216.63,1409223.55,0,887451.73,11346555.01,2484689.32,0,0,0,343993.60,2321169.15,0,0,0,3113536.90,-30208984.73,0,0,20111404.30,-33223963.13,-32555316.55,0,0,0,1031975.78,0,0,0,79815837.11,149377628.01,0,0,-69561790.90
20000630,元,,296580111.86,0,2206538.90,298786650.76,358523954.27,9103959.30,3469620.23,12120938.26,383218472.06,-84431821.30,,0,0,40697.37,0,0,40697.37,26057767.15,44521611.30,0,40623409.62,111202788.07,-111162090.70,,0,0,161900000.00,0,0,161900000.00,8264044.00,14001689.28,0,0,22265733.28,139634266.72,0,-55959645.28,149377628.01,93417982.73,,36877266.40,3979713.52,0,-19861.35,5016986.83,1062037.39,0,0,0,0,249543.01,0,0,0,0,-18764645.42,0,0,17855788.24,-102840156.50,-27848493.42,0,0,0,-84431821.30,0,0,0,93417982.73,149377628.01,0,0,-55959645.28
19991231,元,,429183855.28,793658.16,133019.35,430110532.79,303222269.00,15966638.08,5493290.95,33692177.53,358374375.56,71736157.23,,0,8864550.00,91395.20,0,0,8955945.20,72959598.44,135622400.00,0,0,140770798.44,-131814853.24,,7829477.16,0,14580000.00,0,0,22409477.16,31048274.15,2320793.16,0,53064.41,33422131.72,-11012654.56,0,-71091350.57,220468978.58,149377628.01,,63886588.90,4035464.87,0,935628.24,7882179.58,2115185.07,0,0,0,28213.87,231292.60,0,0,0,1758334.39,-20458341.00,0,0,-35230641.85,-19279083.74,65583511.02,0,0,0,71736157.23,0,0,0,149377628.01,218468978.58,0,2000000.00,-71091350.57
19981231,元,,391329464.36,20000.00,1339478.14,392689124.50,364453171.23,7532547.41,1752772.00,13791368.82,387529859.46,5159265.04,,0,0,29000.00,0,9732886.27,9761886.27,22743065.95,186000000.00,0,0,115743065.95,-105981179.68,,271630455.13,0,10000000.00,0,18004030.62,299634485.75,17730000.00,130439.59,0,0,17860439.59,281774046.16,0,180952131.52,39531006.06,220483137.58,,57489233.02,60455.13,0,-2767.57,3699206.30,1284274.79,0,0,0,53529.10,380.00,0,0,0,-9605955.24,0,0,0,-27196787.30,-15737701.15,-4884602.04,0,0,0,5159265.04,0,0,0,218483137.58,39531006.06,2000000.00,0,180952131.52
